Embedded modal	Count	Percentage
NaN	504	93.33333333333333
deber	30	5.555555555555555
poder	6	1.1111111111111112
