Embedded mood	Count	Percentage
I	356	65.92592592592592
M	4	0.7407407407407407
S	180	33.333333333333336
