Embedded number	Count	Percentage
P	123	22.77777777777778
S	417	77.22222222222223
