Embedded auxiliar	Count	Percentage
NaN	300	55.55555555555556
estar	39	7.222222222222222
haber	120	22.22222222222222
haber ser	9	1.6666666666666667
ir	72	13.333333333333334
