Embedded tense	Count	Percentage
0	6	1.1111111111111112
I	321	59.44444444444444
P	207	38.333333333333336
S	6	1.1111111111111112
