Embedded person	Count	Percentage
2	6	1.1111111111111112
3	534	98.88888888888889
