Matrix auxiliar	Count	Percentage
NaN	486	90.0
estar	3	0.5555555555555556
haber	48	8.88888888888889
ir	3	0.5555555555555556
