Matrix mood	Count	Percentage
I	531	98.33333333333333
S	9	1.6666666666666667
