Matrix tense	Count	Percentage
C	6	1.1111111111111112
F	9	1.6666666666666667
I	165	30.555555555555557
P	219	40.55555555555556
S	141	26.11111111111111
