Matrix modal	Count	Percentage
NaN	438	81.11111111111111
deber	33	6.111111111111111
poder	60	11.11111111111111
querer	9	1.6666666666666667
