Matrix number	Count	Percentage
P	102	18.88888888888889
S	438	81.11111111111111
