Veridicality	Count	Percentage
+/+	171	31.666666666666668
+/-	45	8.333333333333334
+/o	42	7.777777777777778
-/o	24	4.444444444444445
o/o	258	47.77777777777778
