Names	Mean	Std
Length premises	15.003703703703703	5.3257508973632515
Length hypotheses	9.53888888888889	4.851444964509141
